x,y,dx,dy,
1.38128510e+01,-3.97412348e+00,0.00000000e+00,0.00000000e+00,
7.90000000e+01,1.90000000e+01,1.53666668e+09,0.00000000e+00,
1.38315830e+01,-3.98116612e+00,0.00000000e+00,0.00000000e+00,
1.38476028e+01,-3.98146772e+00,0.00000000e+00,0.00000000e+00,
1.38322210e+01,-3.98288989e+00,0.00000000e+00,0.00000000e+00,
1.38248520e+01,-3.98515129e+00,0.00000000e+00,0.00000000e+00,
1.38290977e+01,-3.98124957e+00,0.00000000e+00,0.00000000e+00,
1.38307953e+01,-3.98052621e+00,0.00000000e+00,0.00000000e+00,
1.38403521e+01,-3.98371434e+00,0.00000000e+00,0.00000000e+00,
1.37816181e+01,-3.95112133e+00,0.00000000e+00,0.00000000e+00,
7.90000000e+01,1.90000000e+01,1.53666668e+09,0.00000000e+00,
1.38025026e+01,-3.96131802e+00,0.00000000e+00,0.00000000e+00,
1.38246317e+01,-3.96202302e+00,0.00000000e+00,0.00000000e+00,
1.38037729e+01,-3.96372366e+00,0.00000000e+00,0.00000000e+00,
1.37936878e+01,-3.96499348e+00,0.00000000e+00,0.00000000e+00,
1.37967339e+01,-3.95769286e+00,0.00000000e+00,0.00000000e+00,
1.38001232e+01,-3.95626068e+00,0.00000000e+00,0.00000000e+00,
1.38152008e+01,-3.96454120e+00,0.00000000e+00,0.00000000e+00,
1.37453556e+01,-3.91951513e+00,0.00000000e+00,0.00000000e+00,
7.90000000e+01,1.90000000e+01,1.53666668e+09,0.00000000e+00,
1.37676954e+01,-3.93311930e+00,0.00000000e+00,0.00000000e+00,
1.37958307e+01,-3.93414593e+00,0.00000000e+00,0.00000000e+00,
1.37695971e+01,-3.93573427e+00,0.00000000e+00,0.00000000e+00,
1.37562227e+01,-3.93396425e+00,0.00000000e+00,0.00000000e+00,
1.37558832e+01,-3.92100263e+00,0.00000000e+00,0.00000000e+00,
1.37610378e+01,-3.91840720e+00,0.00000000e+00,0.00000000e+00,
1.37836981e+01,-3.93560910e+00,0.00000000e+00,0.00000000e+00,
1.37024622e+01,-3.87087107e+00,0.00000000e+00,0.00000000e+00,
7.90000000e+01,1.90000000e+01,1.53666668e+09,0.00000000e+00,
1.37260904e+01,-3.89074039e+00,0.00000000e+00,0.00000000e+00,
1.37599773e+01,-3.89157867e+00,0.00000000e+00,0.00000000e+00,
1.37291842e+01,-3.89330554e+00,0.00000000e+00,0.00000000e+00,
1.37116728e+01,-3.88672042e+00,0.00000000e+00,0.00000000e+00,
1.37061977e+01,-3.86351848e+00,0.00000000e+00,0.00000000e+00,
1.37129993e+01,-3.85886979e+00,0.00000000e+00,0.00000000e+00,
1.37449770e+01,-3.89066648e+00,0.00000000e+00,0.00000000e+00,
1.36530752e+01,-3.81751084e+00,0.00000000e+00,0.00000000e+00,
7.90000000e+01,1.90000000e+01,1.53666668e+09,0.00000000e+00,
1.36787567e+01,-3.83958769e+00,0.00000000e+00,0.00000000e+00,
1.37183304e+01,-3.83989048e+00,0.00000000e+00,0.00000000e+00,
1.36814184e+01,-3.83958411e+00,0.00000000e+00,0.00000000e+00,
1.36598778e+01,-3.82502031e+00,0.00000000e+00,0.00000000e+00,
1.36472368e+01,-3.78875709e+00,0.00000000e+00,0.00000000e+00,
1.36553993e+01,-3.78176785e+00,0.00000000e+00,0.00000000e+00,
1.36991529e+01,-3.83322692e+00,0.00000000e+00,0.00000000e+00,
1.35985661e+01,-3.75397253e+00,0.00000000e+00,0.00000000e+00,
7.90000000e+01,1.90000000e+01,1.53666668e+09,0.00000000e+00,
1.36253796e+01,-3.77843237e+00,0.00000000e+00,0.00000000e+00,
1.36694117e+01,-3.77719879e+00,0.00000000e+00,0.00000000e+00,
1.36263781e+01,-3.77483153e+00,0.00000000e+00,0.00000000e+00,
1.36009674e+01,-3.74825883e+00,0.00000000e+00,0.00000000e+00,
1.35798235e+01,-3.69403505e+00,0.00000000e+00,0.00000000e+00,
1.35886536e+01,-3.68380833e+00,0.00000000e+00,0.00000000e+00,
1.36460686e+01,-3.76070762e+00,0.00000000e+00,0.00000000e+00,
1.35369177e+01,-3.66671705e+00,0.00000000e+00,0.00000000e+00,
7.90000000e+01,1.90000000e+01,1.53666668e+09,0.00000000e+00,
1.35644474e+01,-3.69833970e+00,0.00000000e+00,0.00000000e+00,
1.36118002e+01,-3.69365263e+00,0.00000000e+00,0.00000000e+00,
1.35644865e+01,-3.69037271e+00,0.00000000e+00,0.00000000e+00,
1.35343218e+01,-3.64934182e+00,0.00000000e+00,0.00000000e+00,
1.35043154e+01,-3.56949592e+00,0.00000000e+00,0.00000000e+00,
1.35126209e+01,-3.55412030e+00,0.00000000e+00,0.00000000e+00,
1.35846519e+01,-3.66396642e+00,0.00000000e+00,0.00000000e+00,
1.34681892e+01,-3.57910228e+00,0.00000000e+00,0.00000000e+00,
7.90000000e+01,1.90000000e+01,1.53666668e+09,0.00000000e+00,
1.34978476e+01,-3.61054587e+00,0.00000000e+00,0.00000000e+00,
1.35479021e+01,-3.60160494e+00,0.00000000e+00,0.00000000e+00,
1.34940567e+01,-3.59452438e+00,0.00000000e+00,0.00000000e+00,
1.34598217e+01,-3.53617597e+00,0.00000000e+00,0.00000000e+00,
1.34214506e+01,-3.43032789e+00,0.00000000e+00,0.00000000e+00,
1.34279432e+01,-3.40934229e+00,0.00000000e+00,0.00000000e+00,
1.35170155e+01,-3.55556488e+00,0.00000000e+00,0.00000000e+00,
1.33944693e+01,-3.48182273e+00,0.00000000e+00,0.00000000e+00,
7.90000000e+01,1.90000000e+01,1.53666668e+09,0.00000000e+00,
1.34251032e+01,-3.51345801e+00,0.00000000e+00,0.00000000e+00,
1.34758673e+01,-3.49851799e+00,0.00000000e+00,0.00000000e+00,
1.34157295e+01,-3.48812723e+00,0.00000000e+00,0.00000000e+00,
1.33780251e+01,-3.40833879e+00,0.00000000e+00,0.00000000e+00,
1.33327608e+01,-3.27409697e+00,0.00000000e+00,0.00000000e+00,
1.33358622e+01,-3.24586844e+00,0.00000000e+00,0.00000000e+00,
1.34430542e+01,-3.43231916e+00,0.00000000e+00,0.00000000e+00,
1.33154039e+01,-3.37455702e+00,0.00000000e+00,0.00000000e+00,
7.90000000e+01,1.90000000e+01,1.53666668e+09,0.00000000e+00,
1.33464050e+01,-3.40674949e+00,0.00000000e+00,0.00000000e+00,
1.33959599e+01,-3.38370562e+00,0.00000000e+00,0.00000000e+00,
1.33304234e+01,-3.37031150e+00,0.00000000e+00,0.00000000e+00,
1.32895079e+01,-3.26691318e+00,0.00000000e+00,0.00000000e+00,
1.32397394e+01,-3.10404968e+00,0.00000000e+00,0.00000000e+00,
1.32374601e+01,-3.06648517e+00,0.00000000e+00,0.00000000e+00,
1.33636036e+01,-3.29579639e+00,0.00000000e+00,0.00000000e+00,
1.32287188e+01,-3.25682282e+00,0.00000000e+00,0.00000000e+00,
7.90000000e+01,1.90000000e+01,1.53666668e+09,0.00000000e+00,
1.32609901e+01,-3.28992271e+00,0.00000000e+00,0.00000000e+00,
1.33079367e+01,-3.25634098e+00,0.00000000e+00,0.00000000e+00,
1.32374582e+01,-3.24026394e+00,0.00000000e+00,0.00000000e+00,
1.31935720e+01,-3.11382532e+00,0.00000000e+00,0.00000000e+00,
1.31416550e+01,-2.92400694e+00,0.00000000e+00,0.00000000e+00,
1.31319628e+01,-2.87448907e+00,0.00000000e+00,0.00000000e+00,
1.32780504e+01,-3.14805102e+00,0.00000000e+00,0.00000000e+00,
1.31334448e+01,-3.11097288e+00,0.00000000e+00,0.00000000e+00,
7.90000000e+01,1.90000000e+01,1.53666668e+09,0.00000000e+00,
1.31670218e+01,-3.15135193e+00,0.00000000e+00,0.00000000e+00,
1.32103052e+01,-3.10352659e+00,0.00000000e+00,0.00000000e+00,
1.31369257e+01,-3.08666897e+00,0.00000000e+00,0.00000000e+00,
1.30890884e+01,-2.93832994e+00,0.00000000e+00,0.00000000e+00,
1.30361843e+01,-2.71783376e+00,0.00000000e+00,0.00000000e+00,
1.30174875e+01,-2.65206289e+00,0.00000000e+00,0.00000000e+00,
1.31835155e+01,-2.97371387e+00,0.00000000e+00,0.00000000e+00,
1.30361958e+01,-2.97837138e+00,0.00000000e+00,0.00000000e+00,
7.90000000e+01,1.90000000e+01,1.53666668e+09,0.00000000e+00,
1.30698957e+01,-3.01217389e+00,0.00000000e+00,0.00000000e+00,
1.31077805e+01,-2.95117784e+00,0.00000000e+00,0.00000000e+00,
1.30285254e+01,-2.92878294e+00,0.00000000e+00,0.00000000e+00,
1.29787312e+01,-2.75552940e+00,0.00000000e+00,0.00000000e+00,
1.29303532e+01,-2.51833797e+00,0.00000000e+00,0.00000000e+00,
1.29025345e+01,-2.43784881e+00,0.00000000e+00,0.00000000e+00,
1.30900908e+01,-2.80546498e+00,0.00000000e+00,0.00000000e+00,
1.29308996e+01,-2.83690119e+00,0.00000000e+00,0.00000000e+00,
7.90000000e+01,1.90000000e+01,1.53666668e+09,0.00000000e+00,
1.29659519e+01,-2.86785507e+00,0.00000000e+00,0.00000000e+00,
1.29969740e+01,-2.79139376e+00,0.00000000e+00,0.00000000e+00,
1.29122505e+01,-2.76560712e+00,0.00000000e+00,0.00000000e+00,
1.28617697e+01,-2.56870556e+00,0.00000000e+00,0.00000000e+00,
1.28191357e+01,-2.31809354e+00,0.00000000e+00,0.00000000e+00,
1.27807341e+01,-2.22078347e+00,0.00000000e+00,0.00000000e+00,
1.29905529e+01,-2.63426518e+00,0.00000000e+00,0.00000000e+00,
1.28198042e+01,-2.69162273e+00,0.00000000e+00,0.00000000e+00,
7.90000000e+01,1.90000000e+01,1.53666668e+09,0.00000000e+00,
1.28559542e+01,-2.71980906e+00,0.00000000e+00,0.00000000e+00,
1.28789673e+01,-2.62643981e+00,0.00000000e+00,0.00000000e+00,
1.27888994e+01,-2.59810209e+00,0.00000000e+00,0.00000000e+00,
1.27382774e+01,-2.37853241e+00,0.00000000e+00,0.00000000e+00,
1.27033081e+01,-2.11928153e+00,0.00000000e+00,0.00000000e+00,
1.26537399e+01,-2.00475430e+00,0.00000000e+00,0.00000000e+00,
1.28862915e+01,-2.46304083e+00,0.00000000e+00,0.00000000e+00,
1.27007360e+01,-2.51838851e+00,0.00000000e+00,0.00000000e+00,
7.90000000e+01,1.90000000e+01,1.53666668e+09,0.00000000e+00,
1.27376289e+01,-2.55311346e+00,0.00000000e+00,0.00000000e+00,
1.27523899e+01,-2.43931198e+00,0.00000000e+00,0.00000000e+00,
1.26597900e+01,-2.41150451e+00,0.00000000e+00,0.00000000e+00,
1.26075640e+01,-2.17195010e+00,0.00000000e+00,0.00000000e+00,
1.25793543e+01,-1.89867890e+00,0.00000000e+00,0.00000000e+00,
1.25175915e+01,-1.76268625e+00,0.00000000e+00,0.00000000e+00,
1.27719879e+01,-2.26805425e+00,0.00000000e+00,0.00000000e+00,
1.25737591e+01,-2.36492038e+00,0.00000000e+00,0.00000000e+00,
7.90000000e+01,1.90000000e+01,1.53666668e+09,0.00000000e+00,
1.26137171e+01,-2.39129186e+00,0.00000000e+00,0.00000000e+00,
1.26203794e+01,-2.25990295e+00,0.00000000e+00,0.00000000e+00,
1.25212994e+01,-2.22911882e+00,0.00000000e+00,0.00000000e+00,
1.24689522e+01,-1.97096658e+00,0.00000000e+00,0.00000000e+00,
1.24494038e+01,-1.69497097e+00,0.00000000e+00,0.00000000e+00,
1.23769083e+01,-1.54346144e+00,0.00000000e+00,0.00000000e+00,
1.26544886e+01,-2.09184003e+00,0.00000000e+00,0.00000000e+00,
1.24439459e+01,-2.21204758e+00,0.00000000e+00,0.00000000e+00,
7.90000000e+01,1.90000000e+01,1.53666668e+09,0.00000000e+00,
1.24842758e+01,-2.23165417e+00,0.00000000e+00,0.00000000e+00,
1.24815006e+01,-2.08371067e+00,0.00000000e+00,0.00000000e+00,
1.23762512e+01,-2.05122423e+00,0.00000000e+00,0.00000000e+00,
1.23249149e+01,-1.77156579e+00,0.00000000e+00,0.00000000e+00,
1.23153715e+01,-1.49683499e+00,0.00000000e+00,0.00000000e+00,
1.22328558e+01,-1.33191657e+00,0.00000000e+00,0.00000000e+00,
1.25331335e+01,-1.92081428e+00,0.00000000e+00,0.00000000e+00,
1.23100958e+01,-2.05957794e+00,0.00000000e+00,0.00000000e+00,
7.90000000e+01,1.90000000e+01,1.53666668e+09,0.00000000e+00,
1.23497305e+01,-2.07427239e+00,0.00000000e+00,0.00000000e+00,
1.23367453e+01,-1.91001248e+00,0.00000000e+00,0.00000000e+00,
1.22266827e+01,-1.87710559e+00,0.00000000e+00,0.00000000e+00,
1.21764936e+01,-1.57715178e+00,0.00000000e+00,0.00000000e+00,
1.21773882e+01,-1.30634820e+00,0.00000000e+00,0.00000000e+00,
1.20846510e+01,-1.12897086e+00,0.00000000e+00,0.00000000e+00,
1.24071522e+01,-1.75522923e+00,0.00000000e+00,0.00000000e+00,
1.21649256e+01,-1.88360953e+00,0.00000000e+00,0.00000000e+00,
7.90000000e+01,1.90000000e+01,1.53666668e+09,0.00000000e+00,
1.22060566e+01,-1.90412092e+00,0.00000000e+00,0.00000000e+00,
1.21838989e+01,-1.72039950e+00,0.00000000e+00,0.00000000e+00,
1.20717144e+01,-1.69090915e+00,0.00000000e+00,0.00000000e+00,
1.20203924e+01,-1.37771785e+00,0.00000000e+00,0.00000000e+00,
1.20284615e+01,-1.10256565e+00,0.00000000e+00,0.00000000e+00,
1.19238148e+01,-9.08164859e-01,0.00000000e+00,0.00000000e+00,
1.22678967e+01,-1.57004070e+00,0.00000000e+00,0.00000000e+00,
1.20180283e+01,-1.73676407e+00,0.00000000e+00,0.00000000e+00,
7.90000000e+01,1.90000000e+01,1.53666668e+09,0.00000000e+00,
1.20594711e+01,-1.74584782e+00,0.00000000e+00,0.00000000e+00,
1.20275335e+01,-1.54797900e+00,0.00000000e+00,0.00000000e+00,
1.19097281e+01,-1.51680446e+00,0.00000000e+00,0.00000000e+00,
1.18592587e+01,-1.19051111e+00,0.00000000e+00,0.00000000e+00,
1.18779411e+01,-9.24455822e-01,0.00000000e+00,0.00000000e+00,
1.17640486e+01,-7.21791089e-01,0.00000000e+00,0.00000000e+00,
1.21302128e+01,-1.41295362e+00,0.00000000e+00,0.00000000e+00,
1.18679905e+01,-1.59465611e+00,0.00000000e+00,0.00000000e+00,
7.90000000e+01,1.90000000e+01,1.53666668e+09,0.00000000e+00,
1.19084320e+01,-1.59570146e+00,0.00000000e+00,0.00000000e+00,
1.18656321e+01,-1.38530123e+00,0.00000000e+00,0.00000000e+00,
1.17428551e+01,-1.35393095e+00,0.00000000e+00,0.00000000e+00,
1.16944828e+01,-1.01537883e+00,0.00000000e+00,0.00000000e+00,
1.17239647e+01,-7.60770082e-01,0.00000000e+00,0.00000000e+00,
1.16008415e+01,-5.51402211e-01,0.00000000e+00,0.00000000e+00,
1.19884176e+01,-1.26652253e+00,0.00000000e+00,0.00000000e+00,
1.17129822e+01,-1.43712580e+00,0.00000000e+00,0.00000000e+00,
7.90000000e+01,1.90000000e+01,1.53666668e+09,0.00000000e+00,
1.17517252e+01,-1.44087541e+00,0.00000000e+00,0.00000000e+00,
1.16986103e+01,-1.21693397e+00,0.00000000e+00,0.00000000e+00,
1.15738630e+01,-1.18801570e+00,0.00000000e+00,0.00000000e+00,
1.15259657e+01,-8.42394710e-01,0.00000000e+00,0.00000000e+00,
1.15644207e+01,-5.94667077e-01,0.00000000e+00,0.00000000e+00,
1.14307814e+01,-3.74859929e-01,0.00000000e+00,0.00000000e+00,
1.18387623e+01,-1.11012900e+00,0.00000000e+00,0.00000000e+00,
1.15524197e+01,-1.30799162e+00,0.00000000e+00,0.00000000e+00,
7.90000000e+01,1.90000000e+01,1.53666668e+09,0.00000000e+00,
1.15918093e+01,-1.30108166e+00,0.00000000e+00,0.00000000e+00,
1.15285273e+01,-1.06775880e+00,0.00000000e+00,0.00000000e+00,
1.13991451e+01,-1.03881407e+00,0.00000000e+00,0.00000000e+00,
1.13528967e+01,-6.89830363e-01,0.00000000e+00,0.00000000e+00,
1.14011812e+01,-4.55503494e-01,0.00000000e+00,0.00000000e+00,
1.12586823e+01,-2.32829124e-01,0.00000000e+00,0.00000000e+00,
1.16868658e+01,-9.80700493e-01,0.00000000e+00,0.00000000e+00,
1.13945799e+01,-1.18859971e+00,0.00000000e+00,0.00000000e+00,
7.90000000e+01,1.90000000e+01,1.53666668e+09,0.00000000e+00,
1.14305983e+01,-1.17324960e+00,0.00000000e+00,0.00000000e+00,
1.13556719e+01,-9.33232427e-01,0.00000000e+00,0.00000000e+00,
1.12223635e+01,-9.04393017e-01,0.00000000e+00,0.00000000e+00,
1.11793985e+01,-5.52180469e-01,0.00000000e+00,0.00000000e+00,
1.12392282e+01,-3.36125523e-01,0.00000000e+00,0.00000000e+00,
1.10887451e+01,-1.12591572e-01,0.00000000e+00,0.00000000e+00,
1.15359392e+01,-8.67297828e-01,0.00000000e+00,0.00000000e+00,
1.12388859e+01,-6.68514371e-01,0.00000000e+00,0.00000000e+00,
7.90000000e+01,1.90000000e+01,1.53666668e+09,0.00000000e+00,
1.12507372e+01,-8.11689079e-01,0.00000000e+00,0.00000000e+00,
1.11741886e+01,-5.17635405e-01,0.00000000e+00,0.00000000e+00,
1.10805407e+01,-5.08686125e-01,0.00000000e+00,0.00000000e+00,
1.10126152e+01,-1.81462914e-01,0.00000000e+00,0.00000000e+00,
1.10665188e+01,8.92846882e-02,0.00000000e+00,0.00000000e+00,
1.08892050e+01,4.18216377e-01,0.00000000e+00,0.00000000e+00,
1.13404789e+01,-3.88060480e-01,0.00000000e+00,0.00000000e+00,
1.10784416e+01,-5.58011949e-01,0.00000000e+00,0.00000000e+00,
7.90000000e+01,1.90000000e+01,1.53666668e+09,0.00000000e+00,
1.10982428e+01,-5.86656213e-01,0.00000000e+00,0.00000000e+00,
1.10209684e+01,-2.95479566e-01,0.00000000e+00,0.00000000e+00,
1.09108810e+01,-2.43009403e-01,0.00000000e+00,0.00000000e+00,
1.08471403e+01,6.96320608e-02,0.00000000e+00,0.00000000e+00,
1.09186392e+01,2.94635475e-01,0.00000000e+00,0.00000000e+00,
1.07454691e+01,6.06753647e-01,0.00000000e+00,0.00000000e+00,
1.12135649e+01,-2.23846957e-01,0.00000000e+00,0.00000000e+00,
1.09296761e+01,-4.45510298e-01,0.00000000e+00,0.00000000e+00,
7.90000000e+01,1.90000000e+01,1.53666668e+09,0.00000000e+00,
1.09478960e+01,-4.22410220e-01,0.00000000e+00,0.00000000e+00,
1.08602304e+01,-1.36495963e-01,0.00000000e+00,0.00000000e+00,
1.07293854e+01,-6.08274788e-02,0.00000000e+00,0.00000000e+00,
1.06874981e+01,2.64820218e-01,0.00000000e+00,0.00000000e+00,
1.07737951e+01,4.49422091e-01,0.00000000e+00,0.00000000e+00,
1.06030579e+01,7.45303214e-01,0.00000000e+00,0.00000000e+00,
1.10861721e+01,-1.01585969e-01,0.00000000e+00,0.00000000e+00,
1.07868557e+01,-3.58572632e-01,0.00000000e+00,0.00000000e+00,
7.90000000e+01,1.90000000e+01,1.53666668e+09,0.00000000e+00,
1.08010492e+01,-3.09477270e-01,0.00000000e+00,0.00000000e+00,
1.07002277e+01,-2.59751547e-02,0.00000000e+00,0.00000000e+00,
1.05514555e+01,5.93421087e-02,0.00000000e+00,0.00000000e+00,
1.05319672e+01,4.00993347e-01,0.00000000e+00,0.00000000e+00,
1.06313381e+01,5.51177263e-01,0.00000000e+00,0.00000000e+00,
1.04578562e+01,8.31713974e-01,0.00000000e+00,0.00000000e+00,
1.09566622e+01,-2.05746051e-02,0.00000000e+00,0.00000000e+00,
1.06614132e+01,-2.85116673e-01,0.00000000e+00,0.00000000e+00,
7.90000000e+01,1.90000000e+01,1.53666668e+09,0.00000000e+00,
1.06635427e+01,-2.25698903e-01,0.00000000e+00,0.00000000e+00,
1.05483732e+01,5.58866896e-02,0.00000000e+00,0.00000000e+00,
1.03891191e+01,1.45866752e-01,0.00000000e+00,0.00000000e+00,
1.03877726e+01,4.96780753e-01,0.00000000e+00,0.00000000e+00,
1.05021982e+01,6.11381531e-01,0.00000000e+00,0.00000000e+00,
1.03235102e+01,8.79327238e-01,0.00000000e+00,0.00000000e+00,
1.08359346e+01,3.10647525e-02,0.00000000e+00,0.00000000e+00,
1.05641241e+01,-2.14579791e-01,0.00000000e+00,0.00000000e+00,
7.90000000e+01,1.90000000e+01,1.53666668e+09,0.00000000e+00,
1.05443630e+01,-1.55473202e-01,0.00000000e+00,0.00000000e+00,
1.04146175e+01,1.21493816e-01,0.00000000e+00,0.00000000e+00,
1.02540636e+01,2.18712419e-01,0.00000000e+00,0.00000000e+00,
1.02669535e+01,5.63160360e-01,0.00000000e+00,0.00000000e+00,
1.03991070e+01,6.35866702e-01,0.00000000e+00,0.00000000e+00,
1.02138510e+01,8.96345735e-01,0.00000000e+00,0.00000000e+00,
1.07352133e+01,6.21776506e-02,0.00000000e+00,0.00000000e+00,
1.05017862e+01,-1.66491985e-01,0.00000000e+00,0.00000000e+00,
7.90000000e+01,1.90000000e+01,1.53666668e+09,0.00000000e+00,
1.04537964e+01,-1.03792757e-01,0.00000000e+00,0.00000000e+00,
1.03094454e+01,1.65054783e-01,0.00000000e+00,0.00000000e+00,
1.01540976e+01,2.76718318e-01,0.00000000e+00,0.00000000e+00,
1.01811380e+01,5.94751060e-01,0.00000000e+00,0.00000000e+00,
1.03339043e+01,6.11621141e-01,0.00000000e+00,0.00000000e+00,
1.01440506e+01,8.67378354e-01,0.00000000e+00,0.00000000e+00,
1.06652231e+01,5.70157766e-02,0.00000000e+00,0.00000000e+00,
1.04813528e+01,-1.30348086e-01,0.00000000e+00,0.00000000e+00,
7.90000000e+01,1.90000000e+01,1.53666668e+09,0.00000000e+00,
1.04002399e+01,-6.81383386e-02,0.00000000e+00,0.00000000e+00,
1.02437410e+01,1.87773719e-01,0.00000000e+00,0.00000000e+00,
1.00987024e+01,3.21893901e-01,0.00000000e+00,0.00000000e+00,
1.01408482e+01,5.90542436e-01,0.00000000e+00,0.00000000e+00,
1.03139982e+01,5.38545370e-01,0.00000000e+00,0.00000000e+00,
1.01221113e+01,7.98125267e-01,0.00000000e+00,0.00000000e+00,
1.06321306e+01,2.13824529e-02,0.00000000e+00,0.00000000e+00,
1.05107384e+01,-1.04489058e-01,0.00000000e+00,0.00000000e+00,
7.90000000e+01,1.90000000e+01,1.53666668e+09,0.00000000e+00,
1.03857718e+01,-4.91879955e-02,0.00000000e+00,0.00000000e+00,
1.02279654e+01,1.87360913e-01,0.00000000e+00,0.00000000e+00,
1.00985670e+01,3.44473779e-01,0.00000000e+00,0.00000000e+00,
1.01497335e+01,5.41322887e-01,0.00000000e+00,0.00000000e+00,
1.03312864e+01,4.20746148e-01,0.00000000e+00,0.00000000e+00,
1.01350126e+01,6.94519877e-01,0.00000000e+00,0.00000000e+00,
1.06213512e+01,-3.72407958e-02,0.00000000e+00,0.00000000e+00,
1.05972366e+01,-8.79842713e-02,0.00000000e+00,0.00000000e+00,
7.90000000e+01,1.90000000e+01,1.53666668e+09,0.00000000e+00,
1.04129419e+01,-4.66020182e-02,0.00000000e+00,0.00000000e+00,
1.02735939e+01,1.61258385e-01,0.00000000e+00,0.00000000e+00,
1.01655073e+01,3.31981629e-01,0.00000000e+00,0.00000000e+00,
1.02106209e+01,4.43208605e-01,0.00000000e+00,0.00000000e+00,
1.03776712e+01,2.76861399e-01,0.00000000e+00,0.00000000e+00,
1.01699514e+01,5.65647721e-01,0.00000000e+00,0.00000000e+00,
1.06188402e+01,-1.03602864e-01,0.00000000e+00,0.00000000e+00,
1.07671537e+01,-7.87513852e-02,0.00000000e+00,0.00000000e+00,
7.90000000e+01,1.90000000e+01,1.53666668e+09,0.00000000e+00,
1.04948378e+01,-5.76039478e-02,0.00000000e+00,0.00000000e+00,
1.04000978e+01,1.10235788e-01,0.00000000e+00,0.00000000e+00,
1.03249435e+01,2.81641871e-01,0.00000000e+00,0.00000000e+00,
1.03420124e+01,3.06691706e-01,0.00000000e+00,0.00000000e+00,
1.04672432e+01,1.19972013e-01,0.00000000e+00,0.00000000e+00,
1.02395496e+01,4.19704169e-01,0.00000000e+00,0.00000000e+00,
1.06314621e+01,-1.76161617e-01,0.00000000e+00,0.00000000e+00,
1.10118189e+01,-7.54955858e-02,0.00000000e+00,0.00000000e+00,
7.90000000e+01,1.90000000e+01,1.53666668e+09,0.00000000e+00,
1.06426229e+01,-7.69195929e-02,0.00000000e+00,0.00000000e+00,
1.06184206e+01,3.80006395e-02,0.00000000e+00,0.00000000e+00,
1.05851746e+01,1.94163427e-01,0.00000000e+00,0.00000000e+00,
1.05542917e+01,1.37708336e-01,0.00000000e+00,0.00000000e+00,
1.06154413e+01,-3.16416286e-02,0.00000000e+00,0.00000000e+00,
1.03566895e+01,2.61210084e-01,0.00000000e+00,0.00000000e+00,
1.06744776e+01,-2.43487254e-01,0.00000000e+00,0.00000000e+00,
1.13416471e+01,-7.67781660e-02,0.00000000e+00,0.00000000e+00,
7.90000000e+01,1.90000000e+01,1.53666668e+09,0.00000000e+00,
1.08670998e+01,-9.61247161e-02,0.00000000e+00,0.00000000e+00,
1.09287252e+01,-5.39944023e-02,0.00000000e+00,0.00000000e+00,
1.09460821e+01,7.02432469e-02,0.00000000e+00,0.00000000e+00,
1.08576326e+01,-5.01135662e-02,0.00000000e+00,0.00000000e+00,
1.08493481e+01,-1.70305520e-01,0.00000000e+00,0.00000000e+00,
1.05488739e+01,8.98323879e-02,0.00000000e+00,0.00000000e+00,
1.07829638e+01,-3.06307495e-01,0.00000000e+00,0.00000000e+00,
1.17844839e+01,-8.41969624e-02,0.00000000e+00,0.00000000e+00,
7.90000000e+01,1.90000000e+01,1.53666668e+09,0.00000000e+00,
1.11769419e+01,-1.02744438e-01,0.00000000e+00,0.00000000e+00,
1.13177519e+01,-1.64789200e-01,0.00000000e+00,0.00000000e+00,
1.13892460e+01,-8.24995786e-02,0.00000000e+00,0.00000000e+00,
1.12530146e+01,-2.40472510e-01,0.00000000e+00,0.00000000e+00,
1.12053957e+01,-3.02406698e-01,0.00000000e+00,0.00000000e+00,
1.08708305e+01,-1.06184736e-01,0.00000000e+00,0.00000000e+00,
1.10346193e+01,-3.82943839e-01,0.00000000e+00,0.00000000e+00,
1.23392105e+01,-9.02848691e-02,0.00000000e+00,0.00000000e+00,
7.90000000e+01,1.90000000e+01,1.53666668e+09,0.00000000e+00,
1.15654917e+01,-1.01049103e-01,0.00000000e+00,0.00000000e+00,
1.17860298e+01,-2.54979789e-01,0.00000000e+00,0.00000000e+00,
1.18652391e+01,-2.00507581e-01,0.00000000e+00,0.00000000e+00,
1.17016602e+01,-3.64517719e-01,0.00000000e+00,0.00000000e+00,
1.16846533e+01,-4.05265450e-01,0.00000000e+00,0.00000000e+00,
1.13448591e+01,-3.01225752e-01,0.00000000e+00,0.00000000e+00,
1.14721165e+01,-4.58755612e-01,0.00000000e+00,0.00000000e+00,
1.29857578e+01,-9.15577859e-02,0.00000000e+00,0.00000000e+00,
7.90000000e+01,1.90000000e+01,1.53666668e+09,0.00000000e+00,
1.20503778e+01,-1.12198547e-01,0.00000000e+00,0.00000000e+00,
1.23700047e+01,-2.78659701e-01,0.00000000e+00,0.00000000e+00,
1.24347181e+01,-2.45696604e-01,0.00000000e+00,0.00000000e+00,
1.22390814e+01,-3.82708877e-01,0.00000000e+00,0.00000000e+00,
1.22522354e+01,-4.18991327e-01,0.00000000e+00,0.00000000e+00,
1.19243088e+01,-3.98967296e-01,0.00000000e+00,0.00000000e+00,
1.19878683e+01,-4.61997926e-01,0.00000000e+00,0.00000000e+00,
1.37213726e+01,-9.25056264e-02,0.00000000e+00,0.00000000e+00,
7.90000000e+01,1.90000000e+01,1.53666668e+09,0.00000000e+00,
1.26171503e+01,-1.16735153e-01,0.00000000e+00,0.00000000e+00,
1.30340662e+01,-2.75486529e-01,0.00000000e+00,0.00000000e+00,
1.30832748e+01,-2.59280115e-01,0.00000000e+00,0.00000000e+00,
1.28620520e+01,-3.73520046e-01,0.00000000e+00,0.00000000e+00,
1.29055862e+01,-4.08696026e-01,0.00000000e+00,0.00000000e+00,
1.26550255e+01,-4.48262900e-01,0.00000000e+00,0.00000000e+00,
1.26266928e+01,-4.50609684e-01,0.00000000e+00,0.00000000e+00,
1.45669584e+01,-9.37737152e-02,0.00000000e+00,0.00000000e+00,
7.90000000e+01,1.90000000e+01,1.53666668e+09,0.00000000e+00,
1.32681503e+01,-1.18811861e-01,0.00000000e+00,0.00000000e+00,
1.37887182e+01,-2.65659690e-01,0.00000000e+00,0.00000000e+00,
1.38136673e+01,-2.59096622e-01,0.00000000e+00,0.00000000e+00,
1.35761452e+01,-3.56952995e-01,0.00000000e+00,0.00000000e+00,
1.36614552e+01,-3.96262497e-01,0.00000000e+00,0.00000000e+00,
1.35465822e+01,-4.73097354e-01,0.00000000e+00,0.00000000e+00,
1.33946266e+01,-4.37826306e-01,0.00000000e+00,0.00000000e+00,
